AMAC,Channel,BandgapControl,RampGain,m,b
AMAC_B01,CH0_L,0,0,0.0018962977471498163,-0.03485358735090207
AMAC_B01,CH0_L,0,1,0.0008810336274195185,-0.03423158827745353
AMAC_B01,CH0_L,0,2,0.0014870254714248003,-0.03417891680837197
AMAC_B01,CH0_L,0,3,0.001561429145590129,-0.03477515343037792
AMAC_B01,CH0_L,1,0,0.0018722462178365215,-0.03502129150476754
AMAC_B01,CH0_L,1,1,0.0008717732935145463,-0.03357381654121824
AMAC_B01,CH0_L,1,2,0.001469207919039299,-0.03403663827957506
AMAC_B01,CH0_L,1,3,0.0015413544736933645,-0.03415845626630136
AMAC_B01,CH0_L,2,0,0.001847031480821143,-0.03454901806988726
AMAC_B01,CH0_L,2,1,0.0008626335940602787,-0.033348039284820885
AMAC_B01,CH0_L,2,2,0.001451033893094033,-0.03391879776101518
AMAC_B01,CH0_L,2,3,0.0015216993097744492,-0.033815227070696084
AMAC_B01,CH0_L,3,0,0.001822214110534025,-0.0344838612267139
AMAC_B01,CH0_L,3,1,0.0008511760294838264,-0.03263086935373034
AMAC_B01,CH0_L,3,2,0.001431680989027051,-0.03341963433889687
AMAC_B01,CH0_L,3,3,0.0015025324591201954,-0.03367362898735315
AMAC_B01,CH0_L,4,0,0.0017963810485279001,-0.0337298744970992
AMAC_B01,CH0_L,4,1,0.0008406735902614836,-0.03245365356506244
AMAC_B01,CH0_L,4,2,0.0014122822030399255,-0.03288140007256702
AMAC_B01,CH0_L,4,3,0.0014821769464877085,-0.033460916195376056
AMAC_B01,CH0_L,5,0,0.0017697755723173904,-0.033047266760598465
AMAC_B01,CH0_L,5,1,0.0008277713053334118,-0.03160347697205359
AMAC_B01,CH0_L,5,2,0.0013920830273082734,-0.032554243161747196
AMAC_B01,CH0_L,5,3,0.0014600772214881871,-0.032748249429053994
AMAC_B01,CH0_L,6,0,0.0017408065869825233,-0.03289619202940864
AMAC_B01,CH0_L,6,1,0.000814332641499644,-0.030753089794824228
AMAC_B01,CH0_L,6,2,0.0013697984918077573,-0.0315996420397552
AMAC_B01,CH0_L,6,3,0.0014366597037862357,-0.03196777531917014
AMAC_B01,CH0_L,7,0,0.0017060845729312997,-0.03183273288701982
AMAC_B01,CH0_L,7,1,0.0008007205877291387,-0.029976415970954608
AMAC_B01,CH0_L,7,2,0.0013471408054870023,-0.031010114399058476
AMAC_B01,CH0_L,7,3,0.001412708806361549,-0.031176122898058843
AMAC_B01,CH0_L,8,0,0.0016694193244107126,-0.031125077827232905
AMAC_B01,CH0_L,8,1,0.0007855754089002138,-0.028880836991041756
AMAC_B01,CH0_L,8,2,0.0013202968486523362,-0.030282663889683686
AMAC_B01,CH0_L,8,3,0.0013833493678638753,-0.0302672534083785
AMAC_B01,CH0_L,9,0,0.0016294515867899667,-0.029996987390670516
AMAC_B01,CH0_L,9,1,0.0007711421446575504,-0.028402705826819575
AMAC_B01,CH0_L,9,2,0.0012903997401047796,-0.029377566011299917
AMAC_B01,CH0_L,9,3,0.0013518322728847676,-0.02947639846112073
AMAC_B01,CH0_L,10,0,0.0015901946842084998,-0.029271732958279274
AMAC_B01,CH0_L,10,1,0.0007539027855111841,-0.02774116465468141
AMAC_B01,CH0_L,10,2,0.0012585499592204586,-0.028590310030001915
AMAC_B01,CH0_L,10,3,0.0013183722239780444,-0.028725716919915368
AMAC_B01,CH0_L,11,0,0.001550742764730561,-0.028403594800684877
AMAC_B01,CH0_L,11,1,0.0007354649600538952,-0.02691727267426745
AMAC_B01,CH0_L,11,2,0.0012273779647301853,-0.027511688721055045
AMAC_B01,CH0_L,11,3,0.0012860385414226762,-0.027850623640359597
AMAC_B01,CH0_L,12,0,0.0015121633498210243,-0.02762732166662652
AMAC_B01,CH0_L,12,1,0.0007161408009604809,-0.02597470181734624
AMAC_B01,CH0_L,12,2,0.0011968692616931287,-0.026788077639139467
AMAC_B01,CH0_L,12,3,0.0012540883613730534,-0.0270471827921257
AMAC_B01,CH0_L,13,0,0.0014742066336310175,-0.02681493070339767
AMAC_B01,CH0_L,13,1,0.0006980213044663017,-0.02506280640217482
AMAC_B01,CH0_L,13,2,0.001166840365586374,-0.025956568867218928
AMAC_B01,CH0_L,13,3,0.0012223115091818013,-0.026160965550946623
AMAC_B01,CH0_L,14,0,0.00143756451392373,-0.025887800116390854
AMAC_B01,CH0_L,14,1,0.0006802298169440782,-0.02392117492419755
AMAC_B01,CH0_L,14,2,0.00113763768538652,-0.025064914396693762
AMAC_B01,CH0_L,14,3,0.0011915673154949842,-0.025131366964574874
AMAC_B01,CH0_L,15,0,0.0013986141978620144,-0.024820130339161216
AMAC_B01,CH0_L,15,1,0.0006625699424290106,-0.023288280998048975
AMAC_B01,CH0_L,15,2,0.0011073323415336325,-0.02445088461782636
AMAC_B01,CH0_L,15,3,0.0011602300440683364,-0.024507681122925964
AMAC_B01,CH0_R,0,0,0.0018725002679025051,-0.03399107514938652
AMAC_B01,CH0_R,0,1,0.0008690388726924627,-0.03202942616679266
AMAC_B01,CH0_R,0,2,0.0014643033304283031,-0.03279725275262004
AMAC_B01,CH0_R,0,3,0.0015416304817018854,-0.03432709069560571
AMAC_B01,CH0_R,1,0,0.0018484938478842445,-0.03409641980015887
AMAC_B01,CH0_R,1,1,0.0008607257139738909,-0.03224853740520242
AMAC_B01,CH0_R,1,2,0.001443531637675475,-0.03173194243517181
AMAC_B01,CH0_R,1,3,0.0015185299586923245,-0.0328198260381475
AMAC_B01,CH0_R,2,0,0.0018258761100351283,-0.03350975072342541
AMAC_B01,CH0_R,2,1,0.0008499557088135744,-0.032812576912384275
AMAC_B01,CH0_R,2,2,0.001428238382906727,-0.03210581143384749
AMAC_B01,CH0_R,2,3,0.0015019581551574657,-0.03291577819026163
AMAC_B01,CH0_R,3,0,0.0017999527788071913,-0.03308947199654644
AMAC_B01,CH0_R,3,1,0.0008417542781102226,-0.03464246359228352
AMAC_B01,CH0_R,3,2,0.001410458271070332,-0.03327141667378868
AMAC_B01,CH0_R,3,3,0.0014830213223113713,-0.033509940764334535
AMAC_B01,CH0_R,4,0,0.0017781251400167447,-0.03477418422778995
AMAC_B01,CH0_R,4,1,0.0008295948441039063,-0.03524551694293962
AMAC_B01,CH0_R,4,2,0.0013939308836463465,-0.034796120799363166
AMAC_B01,CH0_R,4,3,0.0014632203846810016,-0.03423583297373938
AMAC_B01,CH0_R,5,0,0.0017514296782094258,-0.034910007813300545
AMAC_B01,CH0_R,5,1,0.0008158366597511602,-0.03146377612038111
AMAC_B01,CH0_R,5,2,0.001372114081019927,-0.03498732634285915
AMAC_B01,CH0_R,5,3,0.0014429941366938548,-0.03548956388643086
AMAC_B01,CH0_R,6,0,0.0017235428177991606,-0.03543275103129391
AMAC_B01,CH0_R,6,1,0.0007992805272328312,-0.02880608250695404
AMAC_B01,CH0_R,6,2,0.001348936112890299,-0.032385775668009396
AMAC_B01,CH0_R,6,3,0.0014175993410527488,-0.03315935567377096
AMAC_B01,CH0_R,7,0,0.001684323278831412,-0.0315283760577938
AMAC_B01,CH0_R,7,1,0.0007858490368602476,-0.026911199455943908
AMAC_B01,CH0_R,7,2,0.0013252808033130169,-0.030463696593942526
AMAC_B01,CH0_R,7,3,0.0013938892398803087,-0.03178927935195306
AMAC_B01,CH0_R,8,0,0.001644834449319918,-0.02900027562028517
AMAC_B01,CH0_R,8,1,0.000771497139448524,-0.02621144181829212
AMAC_B01,CH0_R,8,2,0.0012970755755324125,-0.02940766350106286
AMAC_B01,CH0_R,8,3,0.0013612650935373486,-0.0292030313796511
AMAC_B01,CH0_R,9,0,0.0016055535878615572,-0.028332021786382316
AMAC_B01,CH0_R,9,1,0.0007597504220702973,-0.028928709200752113
AMAC_B01,CH0_R,9,2,0.001266886457423243,-0.028068768051225396
AMAC_B01,CH0_R,9,3,0.0013284013716287786,-0.027961674356872575
AMAC_B01,CH0_R,10,0,0.0015697277699764575,-0.030897067861990556
AMAC_B01,CH0_R,10,1,0.0007397557242933479,-0.02941266143830144
AMAC_B01,CH0_R,10,2,0.0012354056129300088,-0.02969469654105601
AMAC_B01,CH0_R,10,3,0.0012970565958047677,-0.03013566247445694
AMAC_B01,CH0_R,11,0,0.0015281701822638179,-0.028897448901908308
AMAC_B01,CH0_R,11,1,0.0007198722677427627,-0.026378594011686157
AMAC_B01,CH0_R,11,2,0.0012030010084608698,-0.027573298186332494
AMAC_B01,CH0_R,11,3,0.001261967790033427,-0.027274136040137797
AMAC_B01,CH0_R,12,0,0.0014884303811022403,-0.028010840349815075
AMAC_B01,CH0_R,12,1,0.000698337891892927,-0.023683331210382432
AMAC_B01,CH0_R,12,2,0.0011699386834565493,-0.025607103559797523
AMAC_B01,CH0_R,12,3,0.0012291197022070315,-0.027073417876701544
AMAC_B01,CH0_R,13,0,0.0014501196591359213,-0.027306440793489494
AMAC_B01,CH0_R,13,1,0.0006833097674960483,-0.026012757389809276
AMAC_B01,CH0_R,13,2,0.0011415196369065446,-0.026394821709861828
AMAC_B01,CH0_R,13,3,0.0011981520650581495,-0.026269145672005705
AMAC_B01,CH0_R,14,0,0.0014102466290320768,-0.02498449171961039
AMAC_B01,CH0_R,14,1,0.000661170352357445,-0.021282277799067172
AMAC_B01,CH0_R,14,2,0.001110995506359055,-0.02414773962728604
AMAC_B01,CH0_R,14,3,0.0011652541958170925,-0.023970012133979205
AMAC_B01,CH0_R,15,0,0.0013707733123339884,-0.02265324100104089
AMAC_B01,CH0_R,15,1,0.000645042002851788,-0.021508285866609425
AMAC_B01,CH0_R,15,2,0.0010789359365892949,-0.021727967461747582
AMAC_B01,CH0_R,15,3,0.0011322528348210294,-0.02186661943597885
AMAC_B01,CH1_R,0,0,0.0018810007931601425,-0.03513026359977576
AMAC_B01,CH1_R,0,1,0.0008734572396373307,-0.03295682111576939
AMAC_B01,CH1_R,0,2,0.0014680535733415695,-0.03380739078371813
AMAC_B01,CH1_R,0,3,0.0015435580850847684,-0.034107421986445084
AMAC_B01,CH1_R,1,0,0.0018538874484226124,-0.03425471039860734
AMAC_B01,CH1_R,1,1,0.0008653591454377759,-0.03323744306547703
AMAC_B01,CH1_R,1,2,0.0014501924178998175,-0.03317692976508218
AMAC_B01,CH1_R,1,3,0.0015217294038475063,-0.0327962308672274
AMAC_B01,CH1_R,2,0,0.0018277996579798056,-0.03339771802600357
AMAC_B01,CH1_R,2,1,0.0008558915231243457,-0.03405719319023335
AMAC_B01,CH1_R,2,2,0.001431492795675334,-0.0323753615585966
AMAC_B01,CH1_R,2,3,0.001506124626294203,-0.03320332136460052
AMAC_B01,CH1_R,3,0,0.0018051826884469208,-0.033430458075590155
AMAC_B01,CH1_R,3,1,0.0008459233403739221,-0.03452176696337472
AMAC_B01,CH1_R,3,2,0.0014157503783880608,-0.03388785927251708
AMAC_B01,CH1_R,3,3,0.0014864046484922373,-0.03352687132923382
AMAC_B01,CH1_R,4,0,0.001780688760333468,-0.0341848708967262
AMAC_B01,CH1_R,4,1,0.000832482729588408,-0.03441745809253996
AMAC_B01,CH1_R,4,2,0.0013946309541164794,-0.03330428382189796
AMAC_B01,CH1_R,4,3,0.0014654021875864609,-0.0337060263414369
AMAC_B01,CH1_R,5,0,0.001755024030717445,-0.034345716472863684
AMAC_B01,CH1_R,5,1,0.000820244526822543,-0.032612397501115914
AMAC_B01,CH1_R,5,2,0.0013775335445413836,-0.03512762371079298
AMAC_B01,CH1_R,5,3,0.001446531741208089,-0.03463111542555982
AMAC_B01,CH1_R,6,0,0.0017267181462694685,-0.034182777738905525
AMAC_B01,CH1_R,6,1,0.0008040273612752531,-0.02922860511714642
AMAC_B01,CH1_R,6,2,0.001353460955357275,-0.0322832016179265
AMAC_B01,CH1_R,6,3,0.0014186375559037748,-0.031240413485394854
AMAC_B01,CH1_R,7,0,0.001690414027191508,-0.03157343673260163
AMAC_B01,CH1_R,7,1,0.0007901544005369086,-0.02812250116632486
AMAC_B01,CH1_R,7,2,0.001327595534639027,-0.029576189110729078
AMAC_B01,CH1_R,7,3,0.001396205711879617,-0.030893695247517707
AMAC_B01,CH1_R,8,0,0.0016498968131297826,-0.029425902842230702
AMAC_B01,CH1_R,8,1,0.0007761164968804596,-0.02765066679736331
AMAC_B01,CH1_R,8,2,0.0013010601459252117,-0.029017827167120498
AMAC_B01,CH1_R,8,3,0.0013655714059083203,-0.029369451670454415
AMAC_B01,CH1_R,9,0,0.0016096609873120146,-0.027981054266531746
AMAC_B01,CH1_R,9,1,0.0007614001877212975,-0.028476228743567002
AMAC_B01,CH1_R,9,2,0.0012693845174552056,-0.02725983431351504
AMAC_B01,CH1_R,9,3,0.001333275697813881,-0.02797562816327734
AMAC_B01,CH1_R,10,0,0.0015728597878042541,-0.029837185218778785
AMAC_B01,CH1_R,10,1,0.0007431005254945937,-0.029116815896025463
AMAC_B01,CH1_R,10,2,0.0012394210637139405,-0.029045680476537016
AMAC_B01,CH1_R,10,3,0.0013011891864021892,-0.029368493017327028
AMAC_B01,CH1_R,11,0,0.0015317374393402428,-0.028098839278626775
AMAC_B01,CH1_R,11,1,0.000723168196099061,-0.026667013930748797
AMAC_B01,CH1_R,11,2,0.0012071051440475029,-0.027038165627594677
AMAC_B01,CH1_R,11,3,0.0012655307719722524,-0.02687687906302886
AMAC_B01,CH1_R,12,0,0.0014933023984511097,-0.027026609005433893
AMAC_B01,CH1_R,12,1,0.00070209655866798,-0.024182383158175176
AMAC_B01,CH1_R,12,2,0.0011745452834943959,-0.025836017385256798
AMAC_B01,CH1_R,12,3,0.0012338003217345452,-0.026282025821061625
AMAC_B01,CH1_R,13,0,0.0014535177695680452,-0.026301341566099333
AMAC_B01,CH1_R,13,1,0.0006841522361250258,-0.024867213720967455
AMAC_B01,CH1_R,13,2,0.0011448902392223526,-0.025473268481580113
AMAC_B01,CH1_R,13,3,0.001201942772212088,-0.025807534685290387
AMAC_B01,CH1_R,14,0,0.001415110018831736,-0.024339873071341524
AMAC_B01,CH1_R,14,1,0.000664980670095074,-0.021829610798693277
AMAC_B01,CH1_R,14,2,0.0011147067709602685,-0.023697957947241128
AMAC_B01,CH1_R,14,3,0.0011696740001705783,-0.02379610729993073
AMAC_B01,CH1_R,15,0,0.001376043657813098,-0.022693208625304384
AMAC_B01,CH1_R,15,1,0.0006493380051048962,-0.02214536056108932
AMAC_B01,CH1_R,15,2,0.0010847174681376285,-0.022583617204548743
AMAC_B01,CH1_R,15,3,0.001138713562127507,-0.02258998913220938
AMAC_B01,CH2_R,0,0,0.0018758401446278025,-0.033844250785040275
AMAC_B01,CH2_R,0,1,0.0008744994253733704,-0.033141316075360444
AMAC_B01,CH2_R,0,2,0.0014595216664346456,-0.03117543813299765
AMAC_B01,CH2_R,0,3,0.0015411965507591437,-0.03261588566863282
AMAC_B01,CH2_R,1,0,0.001854019887213061,-0.03421166707916993
AMAC_B01,CH2_R,1,1,0.0008649014641707856,-0.03282780188022855
AMAC_B01,CH2_R,1,2,0.0014446169038932223,-0.03077123670271172
AMAC_B01,CH2_R,1,3,0.0015213191574961085,-0.033150620632098615
AMAC_B01,CH2_R,2,0,0.0018244548313392569,-0.032799824544640414
AMAC_B01,CH2_R,2,1,0.0008520629944052423,-0.031921547069118976
AMAC_B01,CH2_R,2,2,0.00142780544532707,-0.03151764656334284
AMAC_B01,CH2_R,2,3,0.0015053389093493174,-0.03332061246865254
AMAC_B01,CH2_R,3,0,0.0017988534028332346,-0.03166440506048112
AMAC_B01,CH2_R,3,1,0.0008443785043453502,-0.0333123514503008
AMAC_B01,CH2_R,3,2,0.001408121376958946,-0.030410471522387277
AMAC_B01,CH2_R,3,3,0.0014800949191697262,-0.030532925966766586
AMAC_B01,CH2_R,4,0,0.0017745379838761575,-0.03232525898004536
AMAC_B01,CH2_R,4,1,0.000831662068651382,-0.03432763084976551
AMAC_B01,CH2_R,4,2,0.0013887807673939295,-0.030913596881146477
AMAC_B01,CH2_R,4,3,0.0014625916520632143,-0.032121620568788735
AMAC_B01,CH2_R,5,0,0.0017494347078921477,-0.03197950183498275
AMAC_B01,CH2_R,5,1,0.000815295631041476,-0.028604876178356015
AMAC_B01,CH2_R,5,2,0.0013734904035949196,-0.0329231854701391
AMAC_B01,CH2_R,5,3,0.001439573419814646,-0.03169854178767139
AMAC_B01,CH2_R,6,0,0.0017195665078315544,-0.031354203367865624
AMAC_B01,CH2_R,6,1,0.000804762142118228,-0.029471389392422474
AMAC_B01,CH2_R,6,2,0.0013467978604231245,-0.029346635893371588
AMAC_B01,CH2_R,6,3,0.0014154367720805709,-0.03018253358998301
AMAC_B01,CH2_R,7,0,0.0016819430969964883,-0.0287826047144061
AMAC_B01,CH2_R,7,1,0.0007889557020123695,-0.02728133877595567
AMAC_B01,CH2_R,7,2,0.0013257802321177605,-0.029203411802574613
AMAC_B01,CH2_R,7,3,0.0013915779796966534,-0.029334547124187038
AMAC_B01,CH2_R,8,0,0.0016438960661019695,-0.02708446885211597
AMAC_B01,CH2_R,8,1,0.0007732481687850402,-0.02650262994228379
AMAC_B01,CH2_R,8,2,0.0012968166505081485,-0.027811612483915837
AMAC_B01,CH2_R,8,3,0.0013552969428578788,-0.02457905310418092
AMAC_B01,CH2_R,9,0,0.0016067781398743776,-0.027285174398754997
AMAC_B01,CH2_R,9,1,0.0007598715914286924,-0.027304967419276314
AMAC_B01,CH2_R,9,2,0.0012667953713683985,-0.026105621456955226
AMAC_B01,CH2_R,9,3,0.00132265663418099,-0.024086222814351358
AMAC_B01,CH2_R,10,0,0.0015632011922938481,-0.02570033526038724
AMAC_B01,CH2_R,10,1,0.0007454712418590037,-0.02934837372719351
AMAC_B01,CH2_R,10,2,0.0012360972505711402,-0.02736799878892655
AMAC_B01,CH2_R,10,3,0.001296836146405692,-0.026944810691571133
AMAC_B01,CH2_R,11,0,0.0015272754287026635,-0.025612432924746863
AMAC_B01,CH2_R,11,1,0.0007218983147518139,-0.024513740438769915
AMAC_B01,CH2_R,11,2,0.0012005814749149074,-0.02372463182872488
AMAC_B01,CH2_R,11,3,0.001264025085989513,-0.025496622668220503
AMAC_B01,CH2_R,12,0,0.0014843657570337357,-0.022574418738226364
AMAC_B01,CH2_R,12,1,0.0006979087851340748,-0.021370432538055106
AMAC_B01,CH2_R,12,2,0.001175083809605388,-0.025693747279735012
AMAC_B01,CH2_R,12,3,0.0012289221982924971,-0.02256222759324023
AMAC_B01,CH2_R,13,0,0.0014476560061478536,-0.023440278083445336
AMAC_B01,CH2_R,13,1,0.0006812066564795838,-0.021554086893482195
AMAC_B01,CH2_R,13,2,0.0011403597043863106,-0.022571780011677485
AMAC_B01,CH2_R,13,3,0.001198149677825241,-0.022901306201299265
AMAC_B01,CH2_R,14,0,0.0014124636233103975,-0.02337659834939179
AMAC_B01,CH2_R,14,1,0.0006644376730637378,-0.020852650014562622
AMAC_B01,CH2_R,14,2,0.0011123219653068996,-0.022342877919728738
AMAC_B01,CH2_R,14,3,0.0011674260666766742,-0.022132145883767728
AMAC_B01,CH2_R,15,0,0.0013715404470235986,-0.019748202512618922
AMAC_B01,CH2_R,15,1,0.0006485010152957643,-0.02095384988219696
AMAC_B01,CH2_R,15,2,0.0010854402910090166,-0.022710038437491687
AMAC_B01,CH2_R,15,3,0.0011374741951664425,-0.021793852735341575
AMAC_B01,CH3_L_Gain1,0,0,0.0018872261202723514,-0.03643300669274892
AMAC_B01,CH3_L_Gain1,0,1,0.0008719154079990777,-0.03331487163538566
AMAC_B01,CH3_L_Gain1,0,2,0.0014743332095791448,-0.03419317488082889
AMAC_B01,CH3_L_Gain1,0,3,0.001548121138385317,-0.0344571456123751
AMAC_B01,CH3_L_Gain1,1,0,0.0018595504696239833,-0.03596063719035696
AMAC_B01,CH3_L_Gain1,1,1,0.0008666508644553776,-0.035403573267135856
AMAC_B01,CH3_L_Gain1,1,2,0.001459299313087744,-0.03442589460963656
AMAC_B01,CH3_L_Gain1,1,3,0.0015299083338036709,-0.034175156662802755
AMAC_B01,CH3_L_Gain1,2,0,0.001840160709570569,-0.03643753267298981
AMAC_B01,CH3_L_Gain1,2,1,0.0008584029813203152,-0.03641888566332379
AMAC_B01,CH3_L_Gain1,2,2,0.0014448642920220397,-0.03519575131633328
AMAC_B01,CH3_L_Gain1,2,3,0.0015141321941152556,-0.03505861756439722
AMAC_B01,CH3_L_Gain1,3,0,0.0018172540011327284,-0.03724983373200246
AMAC_B01,CH3_L_Gain1,3,1,0.0008494402022678252,-0.0380795780669016
AMAC_B01,CH3_L_Gain1,3,2,0.0014247782233284855,-0.03549929979442688
AMAC_B01,CH3_L_Gain1,3,3,0.0014965954952078728,-0.03669728241125512
AMAC_B01,CH3_L_Gain1,4,0,0.0017874569811728734,-0.03613089392156539
AMAC_B01,CH3_L_Gain1,4,1,0.0008371870924285261,-0.03805553934453439
AMAC_B01,CH3_L_Gain1,4,2,0.0014118401040838255,-0.038824744583238015
AMAC_B01,CH3_L_Gain1,4,3,0.0014766000265891142,-0.03685316558404632
AMAC_B01,CH3_L_Gain1,5,0,0.0017643134350128872,-0.0375764884486931
AMAC_B01,CH3_L_Gain1,5,1,0.0008232065105953178,-0.03543736294939531
AMAC_B01,CH3_L_Gain1,5,2,0.0013842685704817906,-0.036725524493200365
AMAC_B01,CH3_L_Gain1,5,3,0.0014557196613291829,-0.03851242898909124
AMAC_B01,CH3_L_Gain1,6,0,0.0017341675855025642,-0.03721023485954764
AMAC_B01,CH3_L_Gain1,6,1,0.0008079554936060246,-0.03173260825306546
AMAC_B01,CH3_L_Gain1,6,2,0.001365165552735777,-0.035634782703162844
AMAC_B01,CH3_L_Gain1,6,3,0.0014332388868414556,-0.03658796362894297
AMAC_B01,CH3_L_Gain1,7,0,0.0017004753129115791,-0.034735864800184715
AMAC_B01,CH3_L_Gain1,7,1,0.000799391731794558,-0.03162301455723059
AMAC_B01,CH3_L_Gain1,7,2,0.001341572694163516,-0.03366187794338251
AMAC_B01,CH3_L_Gain1,7,3,0.0014058475467963723,-0.03332383139917959
AMAC_B01,CH3_L_Gain1,8,0,0.001664756990291945,-0.03335615368662519
AMAC_B01,CH3_L_Gain1,8,1,0.0007843234872816123,-0.030152218004778335
AMAC_B01,CH3_L_Gain1,8,2,0.0013143675564311725,-0.031660932453336114
AMAC_B01,CH3_L_Gain1,8,3,0.0013811246082053254,-0.033030961099357284
AMAC_B01,CH3_L_Gain1,9,0,0.0016237599272136357,-0.031165555196837814
AMAC_B01,CH3_L_Gain1,9,1,0.0007698303686613427,-0.031655767274005
AMAC_B01,CH3_L_Gain1,9,2,0.00128463649565195,-0.031056721918169085
AMAC_B01,CH3_L_Gain1,9,3,0.001347452582301886,-0.031210629689399656
AMAC_B01,CH3_L_Gain1,10,0,0.0015860700408151195,-0.03348774110980131
AMAC_B01,CH3_L_Gain1,10,1,0.000754391041838994,-0.0332571376757631
AMAC_B01,CH3_L_Gain1,10,2,0.0012585238097883613,-0.033859703730299846
AMAC_B01,CH3_L_Gain1,10,3,0.001313626874896978,-0.032165238958626045
AMAC_B01,CH3_L_Gain1,11,0,0.0015474442299176342,-0.03207452620972476
AMAC_B01,CH3_L_Gain1,11,1,0.0007379312015865025,-0.03280213086554408
AMAC_B01,CH3_L_Gain1,11,2,0.0012269554869322732,-0.032166736716269594
AMAC_B01,CH3_L_Gain1,11,3,0.0012832420882191217,-0.030908763641308085
AMAC_B01,CH3_L_Gain1,12,0,0.0015138666863444752,-0.033345764872671255
AMAC_B01,CH3_L_Gain1,12,1,0.0007160404868468002,-0.028317928745762753
AMAC_B01,CH3_L_Gain1,12,2,0.0011982155466906356,-0.03255843802736079
AMAC_B01,CH3_L_Gain1,12,3,0.0012509207979640579,-0.030612372335906506
AMAC_B01,CH3_L_Gain1,13,0,0.001471541102794743,-0.030379606617533784
AMAC_B01,CH3_L_Gain1,13,1,0.000700246007073623,-0.030514647591946237
AMAC_B01,CH3_L_Gain1,13,2,0.0011675473518557979,-0.031106488845853347
AMAC_B01,CH3_L_Gain1,13,3,0.0012215544220302418,-0.030711744479984704
AMAC_B01,CH3_L_Gain1,14,0,0.001437765923092127,-0.02987171068324681
AMAC_B01,CH3_L_Gain1,14,1,0.0006815146259574659,-0.026022765691108365
AMAC_B01,CH3_L_Gain1,14,2,0.0011373840511946969,-0.02901497664382684
AMAC_B01,CH3_L_Gain1,14,3,0.001189133773357785,-0.027665067549155035
AMAC_B01,CH3_L_Gain1,15,0,0.0013957093858468494,-0.02603575545852439
AMAC_B01,CH3_L_Gain1,15,1,0.0006632720173976804,-0.025379119746561672
AMAC_B01,CH3_L_Gain1,15,2,0.0011055258842677192,-0.025470151113893013
AMAC_B01,CH3_L_Gain1,15,3,0.0011577608624198184,-0.025431409959555524
AMAC_B01,CH3_L_Gain23,0,0,0.0028821907106167093,-0.06064491789217526
AMAC_B01,CH3_L_Gain23,0,1,0.0013277539631130215,-0.054959709834037286
AMAC_B01,CH3_L_Gain23,0,2,0.002260790338157237,-0.06074450128329869
AMAC_B01,CH3_L_Gain23,0,3,0.0023719170480433725,-0.05990218611743412
AMAC_B01,CH3_L_Gain23,1,0,0.0028449409511280637,-0.06040035021237909
AMAC_B01,CH3_L_Gain23,1,1,0.001314001869883469,-0.05553602601904692
AMAC_B01,CH3_L_Gain23,1,2,0.002234463346032638,-0.05936290091952286
AMAC_B01,CH3_L_Gain23,1,3,0.0023417836335425713,-0.05886603638685539
AMAC_B01,CH3_L_Gain23,2,0,0.002797205756184866,-0.05683704638601622
AMAC_B01,CH3_L_Gain23,2,1,0.0013094748487742305,-0.059914177719928116
AMAC_B01,CH3_L_Gain23,2,2,0.002210979253937047,-0.05950214936058096
AMAC_B01,CH3_L_Gain23,2,3,0.0023111964687221468,-0.0581211282942669
AMAC_B01,CH3_L_Gain23,3,0,0.002777310178084842,-0.06115787258642177
AMAC_B01,CH3_L_Gain23,3,1,0.0012864693301951364,-0.05907556829092977
AMAC_B01,CH3_L_Gain23,3,2,0.0021797383170459833,-0.060315172547702744
AMAC_B01,CH3_L_Gain23,3,3,0.0022888672640023894,-0.060670099116740296
AMAC_B01,CH3_L_Gain23,4,0,0.002739240149372757,-0.06251372722274909
AMAC_B01,CH3_L_Gain23,4,1,0.0012804324743811873,-0.06364375194191202
AMAC_B01,CH3_L_Gain23,4,2,0.0021534053820976328,-0.06253848644767564
AMAC_B01,CH3_L_Gain23,4,3,0.0022567081245201373,-0.06154568405032488
AMAC_B01,CH3_L_Gain23,5,0,0.0027064336101466717,-0.06552105170289756
AMAC_B01,CH3_L_Gain23,5,1,0.0012549282139024131,-0.0570784155411591
AMAC_B01,CH3_L_Gain23,5,2,0.002119172953001873,-0.0629723756569339
AMAC_B01,CH3_L_Gain23,5,3,0.0022222733756487004,-0.06355888544316099
AMAC_B01,CH3_L_Gain23,6,0,0.0026445012690358375,-0.06172976834777986
AMAC_B01,CH3_L_Gain23,6,1,0.0012343911161497147,-0.053141585126269174
AMAC_B01,CH3_L_Gain23,6,2,0.002088427635136787,-0.06057300674976376
AMAC_B01,CH3_L_Gain23,6,3,0.002187350517912787,-0.06054969363271364
AMAC_B01,CH3_L_Gain23,7,0,0.0025983027631274035,-0.05851886904350003
AMAC_B01,CH3_L_Gain23,7,1,0.0012104638972988007,-0.048605317482409295
AMAC_B01,CH3_L_Gain23,7,2,0.002043733181026241,-0.05392729039623351
AMAC_B01,CH3_L_Gain23,7,3,0.0021426496710437322,-0.05460943006021588
AMAC_B01,CH3_L_Gain23,8,0,0.002534157872465846,-0.05386606327824759
AMAC_B01,CH3_L_Gain23,8,1,0.0011917246733234158,-0.048245774141585096
AMAC_B01,CH3_L_Gain23,8,2,0.0020110115377934383,-0.05388026731752195
AMAC_B01,CH3_L_Gain23,8,3,0.0020943841213903304,-0.0504929633991754
AMAC_B01,CH3_L_Gain23,9,0,0.0024694993667897965,-0.05081655594656689
AMAC_B01,CH3_L_Gain23,9,1,0.0011685739248815674,-0.051113995394051356
AMAC_B01,CH3_L_Gain23,9,2,0.001964169794408535,-0.05222322468109929
AMAC_B01,CH3_L_Gain23,9,3,0.0020560034224861453,-0.052270317647634325
AMAC_B01,CH3_L_Gain23,10,0,0.0024258675641634607,-0.05693421300873656
AMAC_B01,CH3_L_Gain23,10,1,0.0011454408242354674,-0.052158572739707414
AMAC_B01,CH3_L_Gain23,10,2,0.0019141433178054593,-0.05460348550504292
AMAC_B01,CH3_L_Gain23,10,3,0.002009294882249264,-0.05550106386628034
AMAC_B01,CH3_L_Gain23,11,0,0.0023661316592552837,-0.054549006244113095
AMAC_B01,CH3_L_Gain23,11,1,0.0011180705487787255,-0.0502087987850246
AMAC_B01,CH3_L_Gain23,11,2,0.0018685261052510944,-0.051810555922782796
AMAC_B01,CH3_L_Gain23,11,3,0.0019553541686607276,-0.05232694218355673
AMAC_B01,CH3_L_Gain23,12,0,0.002306137515984771,-0.05423444018465027
AMAC_B01,CH3_L_Gain23,12,1,0.0010833684713387564,-0.04369004591331955
AMAC_B01,CH3_L_Gain23,12,2,0.0018225612330563963,-0.05077961071001029
AMAC_B01,CH3_L_Gain23,12,3,0.0019094682715122034,-0.05102612657593199
AMAC_B01,CH3_L_Gain23,13,0,0.002242630239904678,-0.049437276482442186
AMAC_B01,CH3_L_Gain23,13,1,0.0010689528118686031,-0.05013519134279706
AMAC_B01,CH3_L_Gain23,13,2,0.0017829290713619855,-0.051829276582420335
AMAC_B01,CH3_L_Gain23,13,3,0.0018643488370390987,-0.05015844269438073
AMAC_B01,CH3_L_Gain23,14,0,0.0021933317468435993,-0.04987495826531894
AMAC_B01,CH3_L_Gain23,14,1,0.0010386117463343128,-0.042786501077346654
AMAC_B01,CH3_L_Gain23,14,2,0.0017344939615717083,-0.046798153447700365
AMAC_B01,CH3_L_Gain23,14,3,0.0018194389252172531,-0.04857034147220222
AMAC_B01,CH3_L_Gain23,15,0,0.0021298832698654555,-0.043771336933741224
AMAC_B01,CH3_L_Gain23,15,1,0.0010119163042193525,-0.04237575847161284
AMAC_B01,CH3_L_Gain23,15,2,0.0016885318625847164,-0.04305172634101432
AMAC_B01,CH3_L_Gain23,15,3,0.0017688690985789614,-0.0434279021181375
AMAC_B01,CH3_R_Gain1,0,0,0.00186359212880716,-0.03610916113580194
AMAC_B01,CH3_R_Gain1,0,1,0.0008681143497819697,-0.032663302304280405
AMAC_B01,CH3_R_Gain1,0,2,0.0014491212598997391,-0.03193342126491596
AMAC_B01,CH3_R_Gain1,0,3,0.0015279466266448305,-0.033297498285377626
AMAC_B01,CH3_R_Gain1,1,0,0.0018385291781263429,-0.035708609685356496
AMAC_B01,CH3_R_Gain1,1,1,0.0008543316181549625,-0.031342476309426916
AMAC_B01,CH3_R_Gain1,1,2,0.0014383912904765734,-0.03222899525971221
AMAC_B01,CH3_R_Gain1,1,3,0.0015061314417397045,-0.030357988368078636
AMAC_B01,CH3_R_Gain1,2,0,0.0018151290521657643,-0.03257927340345583
AMAC_B01,CH3_R_Gain1,2,1,0.0008470338341207643,-0.034452684442723654
AMAC_B01,CH3_R_Gain1,2,2,0.0014195845155715197,-0.03140630388343561
AMAC_B01,CH3_R_Gain1,2,3,0.0014923005014881659,-0.0316484541105754
AMAC_B01,CH3_R_Gain1,3,0,0.0017888103922671893,-0.03256218517373828
AMAC_B01,CH3_R_Gain1,3,1,0.0008376635158493192,-0.03714235928305396
AMAC_B01,CH3_R_Gain1,3,2,0.0014066663505822778,-0.0365576331361948
AMAC_B01,CH3_R_Gain1,3,3,0.001481955618262107,-0.03761284366414941
AMAC_B01,CH3_R_Gain1,4,0,0.0017706069247617087,-0.03682171544487427
AMAC_B01,CH3_R_Gain1,4,1,0.0008278912306977315,-0.04039691346331004
AMAC_B01,CH3_R_Gain1,4,2,0.0013798563369260392,-0.03305626735256496
AMAC_B01,CH3_R_Gain1,4,3,0.001457908666749235,-0.03695345657681548
AMAC_B01,CH3_R_Gain1,5,0,0.0017476921857228678,-0.03816563337933428
AMAC_B01,CH3_R_Gain1,5,1,0.0008123737119494812,-0.03257355461880633
AMAC_B01,CH3_R_Gain1,5,2,0.0013681817862996257,-0.04087153714013812
AMAC_B01,CH3_R_Gain1,5,3,0.0014343036900853958,-0.03848920552358594
AMAC_B01,CH3_R_Gain1,6,0,0.0017122438863872472,-0.03734312637166437
AMAC_B01,CH3_R_Gain1,6,1,0.0007940920566147153,-0.02646410234500041
AMAC_B01,CH3_R_Gain1,6,2,0.0013409884530946792,-0.033444892362417857
AMAC_B01,CH3_R_Gain1,6,3,0.0014072192591856759,-0.0334456836019768
AMAC_B01,CH3_R_Gain1,7,0,0.0016758164348171503,-0.03200887620130511
AMAC_B01,CH3_R_Gain1,7,1,0.0007788590795105483,-0.022523159968896946
AMAC_B01,CH3_R_Gain1,7,2,0.0013168122108789958,-0.028308902266576473
AMAC_B01,CH3_R_Gain1,7,3,0.001380962459299652,-0.02896413179607782
AMAC_B01,CH3_R_Gain1,8,0,0.0016304397499652247,-0.02407079033892026
AMAC_B01,CH3_R_Gain1,8,1,0.0007659674071963553,-0.021908292850850282
AMAC_B01,CH3_R_Gain1,8,2,0.0012879686486784929,-0.024256516995824696
AMAC_B01,CH3_R_Gain1,8,3,0.0013508086595098647,-0.02383651854240192
AMAC_B01,CH3_R_Gain1,9,0,0.0015978074245826194,-0.025433994116950444
AMAC_B01,CH3_R_Gain1,9,1,0.0007515259585166996,-0.024831986725348483
AMAC_B01,CH3_R_Gain1,9,2,0.001258305509690584,-0.024104115675757504
AMAC_B01,CH3_R_Gain1,9,3,0.0013201139176531103,-0.02459235702438352
AMAC_B01,CH3_R_Gain1,10,0,0.001564846859030361,-0.0317626474015571
AMAC_B01,CH3_R_Gain1,10,1,0.0007370782294701859,-0.029843026146070564
AMAC_B01,CH3_R_Gain1,10,2,0.001233709217633506,-0.03167793795738647
AMAC_B01,CH3_R_Gain1,10,3,0.0012921584045287133,-0.030882960996454444
AMAC_B01,CH3_R_Gain1,11,0,0.0015210835328684483,-0.02785021047141769
AMAC_B01,CH3_R_Gain1,11,1,0.0007185291290725393,-0.026353244208896034
AMAC_B01,CH3_R_Gain1,11,2,0.0011961272859074615,-0.025753383197021897
AMAC_B01,CH3_R_Gain1,11,3,0.0012606436584854035,-0.02843533897385502
AMAC_B01,CH3_R_Gain1,12,0,0.0014846904124934993,-0.027966056403958682
AMAC_B01,CH3_R_Gain1,12,1,0.0006958453537524193,-0.020128110058013567
AMAC_B01,CH3_R_Gain1,12,2,0.0011610000935847037,-0.022674147759366343
AMAC_B01,CH3_R_Gain1,12,3,0.0012214061381945716,-0.024626349336339177
AMAC_B01,CH3_R_Gain1,13,0,0.0014465905951485621,-0.027294799839078454
AMAC_B01,CH3_R_Gain1,13,1,0.0006826173304928421,-0.02570088806397513
AMAC_B01,CH3_R_Gain1,13,2,0.001139203593390769,-0.026140091054294285
AMAC_B01,CH3_R_Gain1,13,3,0.001196576845811636,-0.027157794565941012
AMAC_B01,CH3_R_Gain1,14,0,0.0014059674849432938,-0.022542988103410495
AMAC_B01,CH3_R_Gain1,14,1,0.0006622993954494225,-0.018506548493405467
AMAC_B01,CH3_R_Gain1,14,2,0.0011069185503732122,-0.021466164725763764
AMAC_B01,CH3_R_Gain1,14,3,0.0011627821241848332,-0.022329798972055316
AMAC_B01,CH3_R_Gain1,15,0,0.0013730731747688585,-0.02147862117824149
AMAC_B01,CH3_R_Gain1,15,1,0.0006461222386111664,-0.01921797594246687
AMAC_B01,CH3_R_Gain1,15,2,0.0010803641553308683,-0.020302908264083496
AMAC_B01,CH3_R_Gain1,15,3,0.0011314992598531214,-0.019320384314586343
AMAC_B01,CH3_R_Gain23,0,0,0.002832105381124198,-0.05304989305470068
AMAC_B01,CH3_R_Gain23,0,1,0.0013105902379128161,-0.04649929022622457
AMAC_B01,CH3_R_Gain23,0,2,0.002226664755452633,-0.05319608180086508
AMAC_B01,CH3_R_Gain23,0,3,0.0023390658471976068,-0.053123627167838625
AMAC_B01,CH3_R_Gain23,1,0,0.002822596567998414,-0.05643031504369021
AMAC_B01,CH3_R_Gain23,1,1,0.0012945168285514942,-0.047872963757095405
AMAC_B01,CH3_R_Gain23,1,2,0.0022174044773908977,-0.053775078870629454
AMAC_B01,CH3_R_Gain23,1,3,0.0023144130038770384,-0.05051328122447698
AMAC_B01,CH3_R_Gain23,2,0,0.002798838890290428,-0.05399677177510859
AMAC_B01,CH3_R_Gain23,2,1,0.0012903475583902636,-0.05289663267619903
AMAC_B01,CH3_R_Gain23,2,2,0.002185278925208013,-0.05178467608283421
AMAC_B01,CH3_R_Gain23,2,3,0.0023019924920605578,-0.053729975056125055
AMAC_B01,CH3_R_Gain23,3,0,0.0027489986175077115,-0.05306540017896348
AMAC_B01,CH3_R_Gain23,3,1,0.001272394439185177,-0.05598234447366668
AMAC_B01,CH3_R_Gain23,3,2,0.0021539005432435324,-0.056571239211587965
AMAC_B01,CH3_R_Gain23,3,3,0.002263648293179796,-0.05608268318446169
AMAC_B01,CH3_R_Gain23,4,0,0.002714962279684724,-0.05699891142465385
AMAC_B01,CH3_R_Gain23,4,1,0.001253234460614346,-0.05727111664253333
AMAC_B01,CH3_R_Gain23,4,2,0.0021351156029082064,-0.060233819344802444
AMAC_B01,CH3_R_Gain23,4,3,0.002237930178660587,-0.05921654287566684
AMAC_B01,CH3_R_Gain23,5,0,0.0026742865308616495,-0.058564398002682164
AMAC_B01,CH3_R_Gain23,5,1,0.0012335297441816368,-0.04934171367822508
AMAC_B01,CH3_R_Gain23,5,2,0.002109195261176145,-0.06842167126499543
AMAC_B01,CH3_R_Gain23,5,3,0.002207333028069548,-0.06278098880794644
AMAC_B01,CH3_R_Gain23,6,0,0.0026301146952694443,-0.059356477526231056
AMAC_B01,CH3_R_Gain23,6,1,0.00120776406172974,-0.03966557739049674
AMAC_B01,CH3_R_Gain23,6,2,0.0020651367725335783,-0.05509554408655082
AMAC_B01,CH3_R_Gain23,6,3,0.0021662625840253445,-0.054973358097478955
AMAC_B01,CH3_R_Gain23,7,0,0.00257626814987497,-0.0511422113144762
AMAC_B01,CH3_R_Gain23,7,1,0.0011899029302748607,-0.0354050095675733
AMAC_B01,CH3_R_Gain23,7,2,0.0020169577941060797,-0.044169065501317606
AMAC_B01,CH3_R_Gain23,7,3,0.002119375704814112,-0.04668541002030557
AMAC_B01,CH3_R_Gain23,8,0,0.0025063016906891836,-0.03963290791142016
AMAC_B01,CH3_R_Gain23,8,1,0.0011524449380352422,-0.029506054698801555
AMAC_B01,CH3_R_Gain23,8,2,0.0019768892849100607,-0.03932169978247342
AMAC_B01,CH3_R_Gain23,8,3,0.002082596926553796,-0.04092304652613386
AMAC_B01,CH3_R_Gain23,9,0,0.0024509467012487803,-0.039752388750658826
AMAC_B01,CH3_R_Gain23,9,1,0.00114466105201334,-0.040131981011776736
AMAC_B01,CH3_R_Gain23,9,2,0.001932130241008019,-0.039368372803789686
AMAC_B01,CH3_R_Gain23,9,3,0.0020306359981863125,-0.03907608072263753
AMAC_B01,CH3_R_Gain23,10,0,0.0024045287038602426,-0.05092160751704694
AMAC_B01,CH3_R_Gain23,10,1,0.0011295632235227599,-0.047416612898373546
AMAC_B01,CH3_R_Gain23,10,2,0.0018955749145086252,-0.050595128625919375
AMAC_B01,CH3_R_Gain23,10,3,0.00198484399004913,-0.04907524091037644
AMAC_B01,CH3_R_Gain23,11,0,0.0023336591828543216,-0.044341381810547455
AMAC_B01,CH3_R_Gain23,11,1,0.0010956812107296423,-0.04001984527101006
AMAC_B01,CH3_R_Gain23,11,2,0.00183874093544099,-0.04246279702584368
AMAC_B01,CH3_R_Gain23,11,3,0.0019281091128346179,-0.04213094447603449
AMAC_B01,CH3_R_Gain23,12,0,0.002287979132020219,-0.04517063573109646
AMAC_B01,CH3_R_Gain23,12,1,0.0010529919692048213,-0.025952326069517945
AMAC_B01,CH3_R_Gain23,12,2,0.001782100573887873,-0.03744293658673482
AMAC_B01,CH3_R_Gain23,12,3,0.0018753873930442777,-0.04067341842777665
AMAC_B01,CH3_R_Gain23,13,0,0.0022125298037980446,-0.040708657460266286
AMAC_B01,CH3_R_Gain23,13,1,0.001039608140559429,-0.038363366588586044
AMAC_B01,CH3_R_Gain23,13,2,0.0017503996093341954,-0.04221291801481129
AMAC_B01,CH3_R_Gain23,13,3,0.0018328654765689205,-0.04090912444406573
AMAC_B01,CH3_R_Gain23,14,0,0.0021559197904544615,-0.036370302315592885
AMAC_B01,CH3_R_Gain23,14,1,0.0010038423156914118,-0.02663098012994837
AMAC_B01,CH3_R_Gain23,14,2,0.0017047302919039717,-0.03723861840247671
AMAC_B01,CH3_R_Gain23,14,3,0.0017844169980619025,-0.03660092563219512
AMAC_B01,CH3_R_Gain23,15,0,0.0020911599325782325,-0.0289710390939919
AMAC_B01,CH3_R_Gain23,15,1,0.0009812990005974083,-0.029086057861482887
AMAC_B01,CH3_R_Gain23,15,2,0.0016560519035324708,-0.031734006894385346
AMAC_B01,CH3_R_Gain23,15,3,0.001738283318731668,-0.03239026723330918
